Method,Name,Error,Occurrences
GET,/Mobius/ae_aq/AQ137/Data,RemoteDisconnected('Remote end closed connection without response'),1
GET,/Mobius/ae_aq/AQ96/Data,RemoteDisconnected('Remote end closed connection without response'),1
GET,/Mobius/ae_aq/AQ110/Data,RemoteDisconnected('Remote end closed connection without response'),1
GET,/Mobius/ae_aq/AQ82/Data,RemoteDisconnected('Remote end closed connection without response'),1
GET,/Mobius/ae_oc/OC7/Data,RemoteDisconnected('Remote end closed connection without response'),1
GET,/Mobius/ae_oc/OC50/Data,RemoteDisconnected('Remote end closed connection without response'),1
GET,/Mobius/ae_ac/AC139/Data,RemoteDisconnected('Remote end closed connection without response'),1
GET,/Mobius/ae_aq/AQ78/Data,RemoteDisconnected('Remote end closed connection without response'),1
GET,/Mobius/ae_ac/AC93/Data,RemoteDisconnected('Remote end closed connection without response'),1
GET,/Mobius/ae_ac/AC99/Data,RemoteDisconnected('Remote end closed connection without response'),1
GET,/Mobius/ae_aq/AQ95/Data,RemoteDisconnected('Remote end closed connection without response'),1
GET,/Mobius/ae_aq/AQ117/Data,RemoteDisconnected('Remote end closed connection without response'),1
GET,/Mobius/ae_aq/AQ0/Data,RemoteDisconnected('Remote end closed connection without response'),1
GET,/Mobius/ae_ac/AC76/Data,RemoteDisconnected('Remote end closed connection without response'),1
GET,/Mobius/ae_aq/AQ123/Data,RemoteDisconnected('Remote end closed connection without response'),1
GET,/Mobius/ae_aq/AQ67/Data,RemoteDisconnected('Remote end closed connection without response'),1
GET,/Mobius/ae_oc/OC80/Data,RemoteDisconnected('Remote end closed connection without response'),1
GET,/Mobius/ae_oc/OC9/Data,RemoteDisconnected('Remote end closed connection without response'),1
GET,/Mobius/ae_ac/AC105/Data,RemoteDisconnected('Remote end closed connection without response'),1
GET,/Mobius/ae_oc/OC41/Data,RemoteDisconnected('Remote end closed connection without response'),1
