time,CONTAINER ID,NAME,CPU %,MEM USAGE / LIMIT,MEM %,NET I/O,BLOCK I/O,PIDS
0,CONTAINER,ID,NAME,CPU % MEM,USAGE,/ LIMIT MEM,% NET I/O,BLOCK
5,CONTAINER,ID,NAME,CPU % MEM,USAGE,/ LIMIT MEM,% NET I/O,BLOCK
10,CONTAINER,ID,NAME,CPU % MEM,USAGE,/ LIMIT MEM,% NET I/O,BLOCK
15,CONTAINER,ID,NAME,CPU % MEM,USAGE,/ LIMIT MEM,% NET I/O,BLOCK
20,CONTAINER,ID,NAME,CPU % MEM,USAGE,/ LIMIT MEM,% NET I/O,BLOCK
25,CONTAINER,ID,NAME,CPU % MEM,USAGE,/ LIMIT MEM,% NET I/O,BLOCK
30,CONTAINER,ID,NAME,CPU % MEM,USAGE,/ LIMIT MEM,% NET I/O,BLOCK
35,CONTAINER,ID,NAME,CPU % MEM,USAGE,/ LIMIT MEM,% NET I/O,BLOCK
40,CONTAINER,ID,NAME,CPU % MEM,USAGE,/ LIMIT MEM,% NET I/O,BLOCK
45,CONTAINER,ID,NAME,CPU % MEM,USAGE,/ LIMIT MEM,% NET I/O,BLOCK
50,CONTAINER,ID,NAME,CPU % MEM,USAGE,/ LIMIT MEM,% NET I/O,BLOCK
55,CONTAINER,ID,NAME,CPU % MEM,USAGE,/ LIMIT MEM,% NET I/O,BLOCK
60,CONTAINER,ID,NAME,CPU % MEM,USAGE,/ LIMIT MEM,% NET I/O,BLOCK
65,CONTAINER,ID,NAME,CPU % MEM,USAGE,/ LIMIT MEM,% NET I/O,BLOCK
70,CONTAINER,ID,NAME,CPU % MEM,USAGE,/ LIMIT MEM,% NET I/O,BLOCK
75,CONTAINER,ID,NAME,CPU % MEM,USAGE,/ LIMIT MEM,% NET I/O,BLOCK
80,CONTAINER,ID,NAME,CPU % MEM,USAGE,/ LIMIT MEM,% NET I/O,BLOCK
85,CONTAINER,ID,NAME,CPU % MEM,USAGE,/ LIMIT MEM,% NET I/O,BLOCK
90,CONTAINER,ID,NAME,CPU % MEM,USAGE,/ LIMIT MEM,% NET I/O,BLOCK
95,CONTAINER,ID,NAME,CPU % MEM,USAGE,/ LIMIT MEM,% NET I/O,BLOCK
100,CONTAINER,ID,NAME,CPU % MEM,USAGE,/ LIMIT MEM,% NET I/O,BLOCK
105,CONTAINER,ID,NAME,CPU % MEM,USAGE,/ LIMIT MEM,% NET I/O,BLOCK
110,CONTAINER,ID,NAME,CPU % MEM,USAGE,/ LIMIT MEM,% NET I/O,BLOCK
115,CONTAINER,ID,NAME,CPU % MEM,USAGE,/ LIMIT MEM,% NET I/O,BLOCK
120,CONTAINER,ID,NAME,CPU % MEM,USAGE,/ LIMIT MEM,% NET I/O,BLOCK
125,CONTAINER,ID,NAME,CPU % MEM,USAGE,/ LIMIT MEM,% NET I/O,BLOCK
130,CONTAINER,ID,NAME,CPU % MEM,USAGE,/ LIMIT MEM,% NET I/O,BLOCK
135,CONTAINER,ID,NAME,CPU % MEM,USAGE,/ LIMIT MEM,% NET I/O,BLOCK
140,CONTAINER,ID,NAME,CPU % MEM,USAGE,/ LIMIT MEM,% NET I/O,BLOCK
145,CONTAINER,ID,NAME,CPU % MEM,USAGE,/ LIMIT MEM,% NET I/O,BLOCK
150,CONTAINER,ID,NAME,CPU % MEM,USAGE,/ LIMIT MEM,% NET I/O,BLOCK
155,CONTAINER,ID,NAME,CPU % MEM,USAGE,/ LIMIT MEM,% NET I/O,BLOCK
160,CONTAINER,ID,NAME,CPU % MEM,USAGE,/ LIMIT MEM,% NET I/O,BLOCK
165,CONTAINER,ID,NAME,CPU % MEM,USAGE,/ LIMIT MEM,% NET I/O,BLOCK
170,CONTAINER,ID,NAME,CPU % MEM,USAGE,/ LIMIT MEM,% NET I/O,BLOCK
175,CONTAINER,ID,NAME,CPU % MEM,USAGE,/ LIMIT MEM,% NET I/O,BLOCK
180,CONTAINER,ID,NAME,CPU % MEM,USAGE,/ LIMIT MEM,% NET I/O,BLOCK
185,CONTAINER,ID,NAME,CPU % MEM,USAGE,/ LIMIT MEM,% NET I/O,BLOCK
190,CONTAINER,ID,NAME,CPU % MEM,USAGE,/ LIMIT MEM,% NET I/O,BLOCK
195,CONTAINER,ID,NAME,CPU % MEM,USAGE,/ LIMIT MEM,% NET I/O,BLOCK
200,CONTAINER,ID,NAME,CPU % MEM,USAGE,/ LIMIT MEM,% NET I/O,BLOCK
205,CONTAINER,ID,NAME,CPU % MEM,USAGE,/ LIMIT MEM,% NET I/O,BLOCK
210,CONTAINER,ID,NAME,CPU % MEM,USAGE,/ LIMIT MEM,% NET I/O,BLOCK
215,CONTAINER,ID,NAME,CPU % MEM,USAGE,/ LIMIT MEM,% NET I/O,BLOCK
220,CONTAINER,ID,NAME,CPU % MEM,USAGE,/ LIMIT MEM,% NET I/O,BLOCK
225,CONTAINER,ID,NAME,CPU % MEM,USAGE,/ LIMIT MEM,% NET I/O,BLOCK
230,CONTAINER,ID,NAME,CPU % MEM,USAGE,/ LIMIT MEM,% NET I/O,BLOCK
235,CONTAINER,ID,NAME,CPU % MEM,USAGE,/ LIMIT MEM,% NET I/O,BLOCK
240,CONTAINER,ID,NAME,CPU % MEM,USAGE,/ LIMIT MEM,% NET I/O,BLOCK
245,CONTAINER,ID,NAME,CPU % MEM,USAGE,/ LIMIT MEM,% NET I/O,BLOCK
250,CONTAINER,ID,NAME,CPU % MEM,USAGE,/ LIMIT MEM,% NET I/O,BLOCK
255,CONTAINER,ID,NAME,CPU % MEM,USAGE,/ LIMIT MEM,% NET I/O,BLOCK
260,CONTAINER,ID,NAME,CPU % MEM,USAGE,/ LIMIT MEM,% NET I/O,BLOCK
265,CONTAINER,ID,NAME,CPU % MEM,USAGE,/ LIMIT MEM,% NET I/O,BLOCK
270,CONTAINER,ID,NAME,CPU % MEM,USAGE,/ LIMIT MEM,% NET I/O,BLOCK
275,CONTAINER,ID,NAME,CPU % MEM,USAGE,/ LIMIT MEM,% NET I/O,BLOCK
280,CONTAINER,ID,NAME,CPU % MEM,USAGE,/ LIMIT MEM,% NET I/O,BLOCK
285,CONTAINER,ID,NAME,CPU % MEM,USAGE,/ LIMIT MEM,% NET I/O,BLOCK
290,CONTAINER,ID,NAME,CPU % MEM,USAGE,/ LIMIT MEM,% NET I/O,BLOCK
295,CONTAINER,ID,NAME,CPU % MEM,USAGE,/ LIMIT MEM,% NET I/O,BLOCK
300,CONTAINER,ID,NAME,CPU % MEM,USAGE,/ LIMIT MEM,% NET I/O,BLOCK
305,CONTAINER,ID,NAME,CPU % MEM,USAGE,/ LIMIT MEM,% NET I/O,BLOCK
310,CONTAINER,ID,NAME,CPU % MEM,USAGE,/ LIMIT MEM,% NET I/O,BLOCK
315,CONTAINER,ID,NAME,CPU % MEM,USAGE,/ LIMIT MEM,% NET I/O,BLOCK
320,CONTAINER,ID,NAME,CPU % MEM,USAGE,/ LIMIT MEM,% NET I/O,BLOCK
325,CONTAINER,ID,NAME,CPU % MEM,USAGE,/ LIMIT MEM,% NET I/O,BLOCK
330,CONTAINER,ID,NAME,CPU % MEM,USAGE,/ LIMIT MEM,% NET I/O,BLOCK
335,CONTAINER,ID,NAME,CPU % MEM,USAGE,/ LIMIT MEM,% NET I/O,BLOCK
340,CONTAINER,ID,NAME,CPU % MEM,USAGE,/ LIMIT MEM,% NET I/O,BLOCK
345,CONTAINER,ID,NAME,CPU % MEM,USAGE,/ LIMIT MEM,% NET I/O,BLOCK
350,CONTAINER,ID,NAME,CPU % MEM,USAGE,/ LIMIT MEM,% NET I/O,BLOCK
355,CONTAINER,ID,NAME,CPU % MEM,USAGE,/ LIMIT MEM,% NET I/O,BLOCK
360,CONTAINER,ID,NAME,CPU % MEM,USAGE,/ LIMIT MEM,% NET I/O,BLOCK
365,CONTAINER,ID,NAME,CPU % MEM,USAGE,/ LIMIT MEM,% NET I/O,BLOCK
370,CONTAINER,ID,NAME,CPU % MEM,USAGE,/ LIMIT MEM,% NET I/O,BLOCK
375,CONTAINER,ID,NAME,CPU % MEM,USAGE,/ LIMIT MEM,% NET I/O,BLOCK
380,CONTAINER,ID,NAME,CPU % MEM,USAGE,/ LIMIT MEM,% NET I/O,BLOCK
385,CONTAINER,ID,NAME,CPU % MEM,USAGE,/ LIMIT MEM,% NET I/O,BLOCK
390,CONTAINER,ID,NAME,CPU % MEM,USAGE,/ LIMIT MEM,% NET I/O,BLOCK
395,CONTAINER,ID,NAME,CPU % MEM,USAGE,/ LIMIT MEM,% NET I/O,BLOCK
400,CONTAINER,ID,NAME,CPU % MEM,USAGE,/ LIMIT MEM,% NET I/O,BLOCK
405,CONTAINER,ID,NAME,CPU % MEM,USAGE,/ LIMIT MEM,% NET I/O,BLOCK
410,CONTAINER,ID,NAME,CPU % MEM,USAGE,/ LIMIT MEM,% NET I/O,BLOCK
415,CONTAINER,ID,NAME,CPU % MEM,USAGE,/ LIMIT MEM,% NET I/O,BLOCK
420,CONTAINER,ID,NAME,CPU % MEM,USAGE,/ LIMIT MEM,% NET I/O,BLOCK
425,CONTAINER,ID,NAME,CPU % MEM,USAGE,/ LIMIT MEM,% NET I/O,BLOCK
430,CONTAINER,ID,NAME,CPU % MEM,USAGE,/ LIMIT MEM,% NET I/O,BLOCK
435,CONTAINER,ID,NAME,CPU % MEM,USAGE,/ LIMIT MEM,% NET I/O,BLOCK
440,CONTAINER,ID,NAME,CPU % MEM,USAGE,/ LIMIT MEM,% NET I/O,BLOCK
445,CONTAINER,ID,NAME,CPU % MEM,USAGE,/ LIMIT MEM,% NET I/O,BLOCK
450,CONTAINER,ID,NAME,CPU % MEM,USAGE,/ LIMIT MEM,% NET I/O,BLOCK
455,CONTAINER,ID,NAME,CPU % MEM,USAGE,/ LIMIT MEM,% NET I/O,BLOCK
460,CONTAINER,ID,NAME,CPU % MEM,USAGE,/ LIMIT MEM,% NET I/O,BLOCK
465,CONTAINER,ID,NAME,CPU % MEM,USAGE,/ LIMIT MEM,% NET I/O,BLOCK
470,CONTAINER,ID,NAME,CPU % MEM,USAGE,/ LIMIT MEM,% NET I/O,BLOCK
475,CONTAINER,ID,NAME,CPU % MEM,USAGE,/ LIMIT MEM,% NET I/O,BLOCK
480,CONTAINER,ID,NAME,CPU % MEM,USAGE,/ LIMIT MEM,% NET I/O,BLOCK
485,CONTAINER,ID,NAME,CPU % MEM,USAGE,/ LIMIT MEM,% NET I/O,BLOCK
490,CONTAINER,ID,NAME,CPU % MEM,USAGE,/ LIMIT MEM,% NET I/O,BLOCK
495,CONTAINER,ID,NAME,CPU % MEM,USAGE,/ LIMIT MEM,% NET I/O,BLOCK
500,CONTAINER,ID,NAME,CPU % MEM,USAGE,/ LIMIT MEM,% NET I/O,BLOCK
505,CONTAINER,ID,NAME,CPU % MEM,USAGE,/ LIMIT MEM,% NET I/O,BLOCK
510,CONTAINER,ID,NAME,CPU % MEM,USAGE,/ LIMIT MEM,% NET I/O,BLOCK
515,CONTAINER,ID,NAME,CPU % MEM,USAGE,/ LIMIT MEM,% NET I/O,BLOCK
520,CONTAINER,ID,NAME,CPU % MEM,USAGE,/ LIMIT MEM,% NET I/O,BLOCK
525,CONTAINER,ID,NAME,CPU % MEM,USAGE,/ LIMIT MEM,% NET I/O,BLOCK
530,CONTAINER,ID,NAME,CPU % MEM,USAGE,/ LIMIT MEM,% NET I/O,BLOCK
535,CONTAINER,ID,NAME,CPU % MEM,USAGE,/ LIMIT MEM,% NET I/O,BLOCK
540,CONTAINER,ID,NAME,CPU % MEM,USAGE,/ LIMIT MEM,% NET I/O,BLOCK
545,CONTAINER,ID,NAME,CPU % MEM,USAGE,/ LIMIT MEM,% NET I/O,BLOCK
550,CONTAINER,ID,NAME,CPU % MEM,USAGE,/ LIMIT MEM,% NET I/O,BLOCK
555,CONTAINER,ID,NAME,CPU % MEM,USAGE,/ LIMIT MEM,% NET I/O,BLOCK
560,CONTAINER,ID,NAME,CPU % MEM,USAGE,/ LIMIT MEM,% NET I/O,BLOCK
565,CONTAINER,ID,NAME,CPU % MEM,USAGE,/ LIMIT MEM,% NET I/O,BLOCK
570,CONTAINER,ID,NAME,CPU % MEM,USAGE,/ LIMIT MEM,% NET I/O,BLOCK
575,CONTAINER,ID,NAME,CPU % MEM,USAGE,/ LIMIT MEM,% NET I/O,BLOCK
580,CONTAINER,ID,NAME,CPU % MEM,USAGE,/ LIMIT MEM,% NET I/O,BLOCK
585,CONTAINER,ID,NAME,CPU % MEM,USAGE,/ LIMIT MEM,% NET I/O,BLOCK
590,CONTAINER,ID,NAME,CPU % MEM,USAGE,/ LIMIT MEM,% NET I/O,BLOCK
595,CONTAINER,ID,NAME,CPU % MEM,USAGE,/ LIMIT MEM,% NET I/O,BLOCK
600,CONTAINER,ID,NAME,CPU % MEM,USAGE,/ LIMIT MEM,% NET I/O,BLOCK
605,CONTAINER,ID,NAME,CPU % MEM,USAGE,/ LIMIT MEM,% NET I/O,BLOCK
610,CONTAINER,ID,NAME,CPU % MEM,USAGE,/ LIMIT MEM,% NET I/O,BLOCK
615,CONTAINER,ID,NAME,CPU % MEM,USAGE,/ LIMIT MEM,% NET I/O,BLOCK
620,CONTAINER,ID,NAME,CPU % MEM,USAGE,/ LIMIT MEM,% NET I/O,BLOCK
625,CONTAINER,ID,NAME,CPU % MEM,USAGE,/ LIMIT MEM,% NET I/O,BLOCK
630,CONTAINER,ID,NAME,CPU % MEM,USAGE,/ LIMIT MEM,% NET I/O,BLOCK
635,CONTAINER,ID,NAME,CPU % MEM,USAGE,/ LIMIT MEM,% NET I/O,BLOCK
640,CONTAINER,ID,NAME,CPU % MEM,USAGE,/ LIMIT MEM,% NET I/O,BLOCK
645,CONTAINER,ID,NAME,CPU % MEM,USAGE,/ LIMIT MEM,% NET I/O,BLOCK
650,CONTAINER,ID,NAME,CPU % MEM,USAGE,/ LIMIT MEM,% NET I/O,BLOCK
655,CONTAINER,ID,NAME,CPU % MEM,USAGE,/ LIMIT MEM,% NET I/O,BLOCK
660,CONTAINER,ID,NAME,CPU % MEM,USAGE,/ LIMIT MEM,% NET I/O,BLOCK
665,CONTAINER,ID,NAME,CPU % MEM,USAGE,/ LIMIT MEM,% NET I/O,BLOCK
670,CONTAINER,ID,NAME,CPU % MEM,USAGE,/ LIMIT MEM,% NET I/O,BLOCK
675,CONTAINER,ID,NAME,CPU % MEM,USAGE,/ LIMIT MEM,% NET I/O,BLOCK
680,CONTAINER,ID,NAME,CPU % MEM,USAGE,/ LIMIT MEM,% NET I/O,BLOCK
685,CONTAINER,ID,NAME,CPU % MEM,USAGE,/ LIMIT MEM,% NET I/O,BLOCK
690,CONTAINER,ID,NAME,CPU % MEM,USAGE,/ LIMIT MEM,% NET I/O,BLOCK
695,CONTAINER,ID,NAME,CPU % MEM,USAGE,/ LIMIT MEM,% NET I/O,BLOCK
700,CONTAINER,ID,NAME,CPU % MEM,USAGE,/ LIMIT MEM,% NET I/O,BLOCK
705,CONTAINER,ID,NAME,CPU % MEM,USAGE,/ LIMIT MEM,% NET I/O,BLOCK
710,CONTAINER,ID,NAME,CPU % MEM,USAGE,/ LIMIT MEM,% NET I/O,BLOCK
715,CONTAINER,ID,NAME,CPU % MEM,USAGE,/ LIMIT MEM,% NET I/O,BLOCK
720,CONTAINER,ID,NAME,CPU % MEM,USAGE,/ LIMIT MEM,% NET I/O,BLOCK
725,CONTAINER,ID,NAME,CPU % MEM,USAGE,/ LIMIT MEM,% NET I/O,BLOCK
730,CONTAINER,ID,NAME,CPU % MEM,USAGE,/ LIMIT MEM,% NET I/O,BLOCK
735,CONTAINER,ID,NAME,CPU % MEM,USAGE,/ LIMIT MEM,% NET I/O,BLOCK
740,CONTAINER,ID,NAME,CPU % MEM,USAGE,/ LIMIT MEM,% NET I/O,BLOCK
745,CONTAINER,ID,NAME,CPU % MEM,USAGE,/ LIMIT MEM,% NET I/O,BLOCK
750,CONTAINER,ID,NAME,CPU % MEM,USAGE,/ LIMIT MEM,% NET I/O,BLOCK
755,CONTAINER,ID,NAME,CPU % MEM,USAGE,/ LIMIT MEM,% NET I/O,BLOCK
760,CONTAINER,ID,NAME,CPU % MEM,USAGE,/ LIMIT MEM,% NET I/O,BLOCK
765,CONTAINER,ID,NAME,CPU % MEM,USAGE,/ LIMIT MEM,% NET I/O,BLOCK
770,CONTAINER,ID,NAME,CPU % MEM,USAGE,/ LIMIT MEM,% NET I/O,BLOCK
775,CONTAINER,ID,NAME,CPU % MEM,USAGE,/ LIMIT MEM,% NET I/O,BLOCK
780,CONTAINER,ID,NAME,CPU % MEM,USAGE,/ LIMIT MEM,% NET I/O,BLOCK
785,CONTAINER,ID,NAME,CPU % MEM,USAGE,/ LIMIT MEM,% NET I/O,BLOCK
790,CONTAINER,ID,NAME,CPU % MEM,USAGE,/ LIMIT MEM,% NET I/O,BLOCK
795,CONTAINER,ID,NAME,CPU % MEM,USAGE,/ LIMIT MEM,% NET I/O,BLOCK
800,CONTAINER,ID,NAME,CPU % MEM,USAGE,/ LIMIT MEM,% NET I/O,BLOCK
805,CONTAINER,ID,NAME,CPU % MEM,USAGE,/ LIMIT MEM,% NET I/O,BLOCK
810,CONTAINER,ID,NAME,CPU % MEM,USAGE,/ LIMIT MEM,% NET I/O,BLOCK
815,CONTAINER,ID,NAME,CPU % MEM,USAGE,/ LIMIT MEM,% NET I/O,BLOCK
820,CONTAINER,ID,NAME,CPU % MEM,USAGE,/ LIMIT MEM,% NET I/O,BLOCK
825,CONTAINER,ID,NAME,CPU % MEM,USAGE,/ LIMIT MEM,% NET I/O,BLOCK
830,CONTAINER,ID,NAME,CPU % MEM,USAGE,/ LIMIT MEM,% NET I/O,BLOCK
835,CONTAINER,ID,NAME,CPU % MEM,USAGE,/ LIMIT MEM,% NET I/O,BLOCK
840,CONTAINER,ID,NAME,CPU % MEM,USAGE,/ LIMIT MEM,% NET I/O,BLOCK
845,CONTAINER,ID,NAME,CPU % MEM,USAGE,/ LIMIT MEM,% NET I/O,BLOCK
850,CONTAINER,ID,NAME,CPU % MEM,USAGE,/ LIMIT MEM,% NET I/O,BLOCK
855,CONTAINER,ID,NAME,CPU % MEM,USAGE,/ LIMIT MEM,% NET I/O,BLOCK
860,CONTAINER,ID,NAME,CPU % MEM,USAGE,/ LIMIT MEM,% NET I/O,BLOCK
865,CONTAINER,ID,NAME,CPU % MEM,USAGE,/ LIMIT MEM,% NET I/O,BLOCK
870,CONTAINER,ID,NAME,CPU % MEM,USAGE,/ LIMIT MEM,% NET I/O,BLOCK
875,CONTAINER,ID,NAME,CPU % MEM,USAGE,/ LIMIT MEM,% NET I/O,BLOCK
880,CONTAINER,ID,NAME,CPU % MEM,USAGE,/ LIMIT MEM,% NET I/O,BLOCK
885,CONTAINER,ID,NAME,CPU % MEM,USAGE,/ LIMIT MEM,% NET I/O,BLOCK
890,CONTAINER,ID,NAME,CPU % MEM,USAGE,/ LIMIT MEM,% NET I/O,BLOCK
895,CONTAINER,ID,NAME,CPU % MEM,USAGE,/ LIMIT MEM,% NET I/O,BLOCK
900,CONTAINER,ID,NAME,CPU % MEM,USAGE,/ LIMIT MEM,% NET I/O,BLOCK
905,CONTAINER,ID,NAME,CPU % MEM,USAGE,/ LIMIT MEM,% NET I/O,BLOCK
910,CONTAINER,ID,NAME,CPU % MEM,USAGE,/ LIMIT MEM,% NET I/O,BLOCK
915,CONTAINER,ID,NAME,CPU % MEM,USAGE,/ LIMIT MEM,% NET I/O,BLOCK
920,CONTAINER,ID,NAME,CPU % MEM,USAGE,/ LIMIT MEM,% NET I/O,BLOCK
925,CONTAINER,ID,NAME,CPU % MEM,USAGE,/ LIMIT MEM,% NET I/O,BLOCK
930,CONTAINER,ID,NAME,CPU % MEM,USAGE,/ LIMIT MEM,% NET I/O,BLOCK
935,CONTAINER,ID,NAME,CPU % MEM,USAGE,/ LIMIT MEM,% NET I/O,BLOCK
940,CONTAINER,ID,NAME,CPU % MEM,USAGE,/ LIMIT MEM,% NET I/O,BLOCK
945,CONTAINER,ID,NAME,CPU % MEM,USAGE,/ LIMIT MEM,% NET I/O,BLOCK
950,CONTAINER,ID,NAME,CPU % MEM,USAGE,/ LIMIT MEM,% NET I/O,BLOCK
955,CONTAINER,ID,NAME,CPU % MEM,USAGE,/ LIMIT MEM,% NET I/O,BLOCK
960,CONTAINER,ID,NAME,CPU % MEM,USAGE,/ LIMIT MEM,% NET I/O,BLOCK
965,CONTAINER,ID,NAME,CPU % MEM,USAGE,/ LIMIT MEM,% NET I/O,BLOCK
970,CONTAINER,ID,NAME,CPU % MEM,USAGE,/ LIMIT MEM,% NET I/O,BLOCK
975,CONTAINER,ID,NAME,CPU % MEM,USAGE,/ LIMIT MEM,% NET I/O,BLOCK
980,CONTAINER,ID,NAME,CPU % MEM,USAGE,/ LIMIT MEM,% NET I/O,BLOCK
985,CONTAINER,ID,NAME,CPU % MEM,USAGE,/ LIMIT MEM,% NET I/O,BLOCK
990,CONTAINER,ID,NAME,CPU % MEM,USAGE,/ LIMIT MEM,% NET I/O,BLOCK
995,CONTAINER,ID,NAME,CPU % MEM,USAGE,/ LIMIT MEM,% NET I/O,BLOCK
1000,CONTAINER,ID,NAME,CPU % MEM,USAGE,/ LIMIT MEM,% NET I/O,BLOCK
1005,CONTAINER,ID,NAME,CPU % MEM,USAGE,/ LIMIT MEM,% NET I/O,BLOCK
1010,CONTAINER,ID,NAME,CPU % MEM,USAGE,/ LIMIT MEM,% NET I/O,BLOCK
1015,CONTAINER,ID,NAME,CPU % MEM,USAGE,/ LIMIT MEM,% NET I/O,BLOCK
1020,CONTAINER,ID,NAME,CPU % MEM,USAGE,/ LIMIT MEM,% NET I/O,BLOCK
1025,CONTAINER,ID,NAME,CPU % MEM,USAGE,/ LIMIT MEM,% NET I/O,BLOCK
1030,CONTAINER,ID,NAME,CPU % MEM,USAGE,/ LIMIT MEM,% NET I/O,BLOCK
1035,CONTAINER,ID,NAME,CPU % MEM,USAGE,/ LIMIT MEM,% NET I/O,BLOCK
1040,CONTAINER,ID,NAME,CPU % MEM,USAGE,/ LIMIT MEM,% NET I/O,BLOCK
1045,CONTAINER,ID,NAME,CPU % MEM,USAGE,/ LIMIT MEM,% NET I/O,BLOCK
1050,CONTAINER,ID,NAME,CPU % MEM,USAGE,/ LIMIT MEM,% NET I/O,BLOCK
1055,CONTAINER,ID,NAME,CPU % MEM,USAGE,/ LIMIT MEM,% NET I/O,BLOCK
1060,CONTAINER,ID,NAME,CPU % MEM,USAGE,/ LIMIT MEM,% NET I/O,BLOCK
1065,CONTAINER,ID,NAME,CPU % MEM,USAGE,/ LIMIT MEM,% NET I/O,BLOCK
1070,CONTAINER,ID,NAME,CPU % MEM,USAGE,/ LIMIT MEM,% NET I/O,BLOCK
1075,CONTAINER,ID,NAME,CPU % MEM,USAGE,/ LIMIT MEM,% NET I/O,BLOCK
1080,CONTAINER,ID,NAME,CPU % MEM,USAGE,/ LIMIT MEM,% NET I/O,BLOCK
1085,CONTAINER,ID,NAME,CPU % MEM,USAGE,/ LIMIT MEM,% NET I/O,BLOCK
1090,CONTAINER,ID,NAME,CPU % MEM,USAGE,/ LIMIT MEM,% NET I/O,BLOCK
1095,CONTAINER,ID,NAME,CPU % MEM,USAGE,/ LIMIT MEM,% NET I/O,BLOCK
1100,CONTAINER,ID,NAME,CPU % MEM,USAGE,/ LIMIT MEM,% NET I/O,BLOCK
1105,CONTAINER,ID,NAME,CPU % MEM,USAGE,/ LIMIT MEM,% NET I/O,BLOCK
1110,CONTAINER,ID,NAME,CPU % MEM,USAGE,/ LIMIT MEM,% NET I/O,BLOCK
1115,CONTAINER,ID,NAME,CPU % MEM,USAGE,/ LIMIT MEM,% NET I/O,BLOCK
1120,CONTAINER,ID,NAME,CPU % MEM,USAGE,/ LIMIT MEM,% NET I/O,BLOCK
1125,CONTAINER,ID,NAME,CPU % MEM,USAGE,/ LIMIT MEM,% NET I/O,BLOCK
1130,CONTAINER,ID,NAME,CPU % MEM,USAGE,/ LIMIT MEM,% NET I/O,BLOCK
1135,CONTAINER,ID,NAME,CPU % MEM,USAGE,/ LIMIT MEM,% NET I/O,BLOCK
1140,CONTAINER,ID,NAME,CPU % MEM,USAGE,/ LIMIT MEM,% NET I/O,BLOCK
1145,CONTAINER,ID,NAME,CPU % MEM,USAGE,/ LIMIT MEM,% NET I/O,BLOCK
1150,CONTAINER,ID,NAME,CPU % MEM,USAGE,/ LIMIT MEM,% NET I/O,BLOCK
1155,CONTAINER,ID,NAME,CPU % MEM,USAGE,/ LIMIT MEM,% NET I/O,BLOCK
1160,CONTAINER,ID,NAME,CPU % MEM,USAGE,/ LIMIT MEM,% NET I/O,BLOCK
1165,CONTAINER,ID,NAME,CPU % MEM,USAGE,/ LIMIT MEM,% NET I/O,BLOCK
1170,CONTAINER,ID,NAME,CPU % MEM,USAGE,/ LIMIT MEM,% NET I/O,BLOCK
1175,CONTAINER,ID,NAME,CPU % MEM,USAGE,/ LIMIT MEM,% NET I/O,BLOCK
1180,CONTAINER,ID,NAME,CPU % MEM,USAGE,/ LIMIT MEM,% NET I/O,BLOCK
1185,CONTAINER,ID,NAME,CPU % MEM,USAGE,/ LIMIT MEM,% NET I/O,BLOCK
1190,CONTAINER,ID,NAME,CPU % MEM,USAGE,/ LIMIT MEM,% NET I/O,BLOCK
1195,CONTAINER,ID,NAME,CPU % MEM,USAGE,/ LIMIT MEM,% NET I/O,BLOCK
1200,CONTAINER,ID,NAME,CPU % MEM,USAGE,/ LIMIT MEM,% NET I/O,BLOCK
1205,CONTAINER,ID,NAME,CPU % MEM,USAGE,/ LIMIT MEM,% NET I/O,BLOCK
1210,CONTAINER,ID,NAME,CPU % MEM,USAGE,/ LIMIT MEM,% NET I/O,BLOCK
1215,CONTAINER,ID,NAME,CPU % MEM,USAGE,/ LIMIT MEM,% NET I/O,BLOCK
1220,CONTAINER,ID,NAME,CPU % MEM,USAGE,/ LIMIT MEM,% NET I/O,BLOCK
1225,CONTAINER,ID,NAME,CPU % MEM,USAGE,/ LIMIT MEM,% NET I/O,BLOCK
1230,CONTAINER,ID,NAME,CPU % MEM,USAGE,/ LIMIT MEM,% NET I/O,BLOCK
1235,CONTAINER,ID,NAME,CPU % MEM,USAGE,/ LIMIT MEM,% NET I/O,BLOCK
1240,CONTAINER,ID,NAME,CPU % MEM,USAGE,/ LIMIT MEM,% NET I/O,BLOCK
1245,CONTAINER,ID,NAME,CPU % MEM,USAGE,/ LIMIT MEM,% NET I/O,BLOCK
1250,CONTAINER,ID,NAME,CPU % MEM,USAGE,/ LIMIT MEM,% NET I/O,BLOCK
1255,CONTAINER,ID,NAME,CPU % MEM,USAGE,/ LIMIT MEM,% NET I/O,BLOCK
1260,CONTAINER,ID,NAME,CPU % MEM,USAGE,/ LIMIT MEM,% NET I/O,BLOCK
1265,CONTAINER,ID,NAME,CPU % MEM,USAGE,/ LIMIT MEM,% NET I/O,BLOCK
1270,CONTAINER,ID,NAME,CPU % MEM,USAGE,/ LIMIT MEM,% NET I/O,BLOCK
1275,CONTAINER,ID,NAME,CPU % MEM,USAGE,/ LIMIT MEM,% NET I/O,BLOCK
1280,CONTAINER,ID,NAME,CPU % MEM,USAGE,/ LIMIT MEM,% NET I/O,BLOCK
1285,CONTAINER,ID,NAME,CPU % MEM,USAGE,/ LIMIT MEM,% NET I/O,BLOCK
1290,CONTAINER,ID,NAME,CPU % MEM,USAGE,/ LIMIT MEM,% NET I/O,BLOCK
1295,CONTAINER,ID,NAME,CPU % MEM,USAGE,/ LIMIT MEM,% NET I/O,BLOCK
1300,CONTAINER,ID,NAME,CPU % MEM,USAGE,/ LIMIT MEM,% NET I/O,BLOCK
1305,CONTAINER,ID,NAME,CPU % MEM,USAGE,/ LIMIT MEM,% NET I/O,BLOCK
1310,CONTAINER,ID,NAME,CPU % MEM,USAGE,/ LIMIT MEM,% NET I/O,BLOCK
1315,CONTAINER,ID,NAME,CPU % MEM,USAGE,/ LIMIT MEM,% NET I/O,BLOCK
1320,CONTAINER,ID,NAME,CPU % MEM,USAGE,/ LIMIT MEM,% NET I/O,BLOCK
1325,CONTAINER,ID,NAME,CPU % MEM,USAGE,/ LIMIT MEM,% NET I/O,BLOCK
1330,CONTAINER,ID,NAME,CPU % MEM,USAGE,/ LIMIT MEM,% NET I/O,BLOCK
1335,CONTAINER,ID,NAME,CPU % MEM,USAGE,/ LIMIT MEM,% NET I/O,BLOCK
1340,CONTAINER,ID,NAME,CPU % MEM,USAGE,/ LIMIT MEM,% NET I/O,BLOCK
1345,CONTAINER,ID,NAME,CPU % MEM,USAGE,/ LIMIT MEM,% NET I/O,BLOCK
1350,CONTAINER,ID,NAME,CPU % MEM,USAGE,/ LIMIT MEM,% NET I/O,BLOCK
1355,CONTAINER,ID,NAME,CPU % MEM,USAGE,/ LIMIT MEM,% NET I/O,BLOCK
1360,CONTAINER,ID,NAME,CPU % MEM,USAGE,/ LIMIT MEM,% NET I/O,BLOCK
1365,CONTAINER,ID,NAME,CPU % MEM,USAGE,/ LIMIT MEM,% NET I/O,BLOCK
1370,CONTAINER,ID,NAME,CPU % MEM,USAGE,/ LIMIT MEM,% NET I/O,BLOCK
